Player Name,Club,Position,Actual Value,Predicted Value,Difference,Absolute Error
Matheus França,Crystal Palace,MID,10000000.0,10425741.28385588,425741.2838558797,425741.2838558797
Julio Soler,Bournemouth,DEF,8000000.0,7324485.204504929,-675514.7954950714,675514.7954950714
Ben Godfrey,Ipswich Town,DEF,6000000.0,6690233.395192473,690233.3951924732,690233.3951924732
Emile Smith Rowe,Fulham,MID,30000000.0,30838562.335262712,838562.3352627121,838562.3352627121
Jordan Pickford,Everton,GKP,18000000.0,17141872.75802293,-858127.2419770695,858127.2419770695
Philip Billing,Bournemouth,MID,14000000.0,13034113.601540344,-965886.3984596562,965886.3984596562
Richarlison,Tottenham Hotspur,FWD,20000000.0,21024342.9388329,1024342.9388329014,1024342.9388329014
Mark Travers,Bournemouth,GKP,4000000.0,2943915.468883729,-1056084.531116271,1056084.531116271
Mathis Amougou,Chelsea,MID,10000000.0,8867390.146127462,-1132609.8538725376,1132609.8538725376
Nicolás Domínguez,Nottingham Forest,MID,18000000.0,19150179.74254423,1150179.74254423,1150179.74254423
Ronnie Edwards,Southampton,DEF,3800000.0,5141939.056638472,1341939.0566384718,1341939.0566384718
Jaden Philogene,Ipswich Town,MID,16000000.0,17455210.750942428,1455210.7509424277,1455210.7509424277
Manuel Akanji,Manchester City,DEF,28000000.0,26496057.381994072,-1503942.6180059277,1503942.6180059277
Sander Berge,Fulham,MID,25000000.0,26618291.456086624,1618291.4560866244,1618291.4560866244
Dominic Solanke,Tottenham Hotspur,FWD,40000000.0,38306668.0945116,-1693331.9054884017,1693331.9054884017
André,Wolverhampton Wanderers,MID,28000000.0,26005141.477474805,-1994858.522525195,1994858.522525195
Diogo Dalot,Manchester United,DEF,30000000.0,27859590.07407863,-2140409.9259213693,2140409.9259213693
Keane Lewis-Potter,Brentford,MID,23000000.0,25367976.78318842,2367976.7831884213,2367976.7831884213
Patson Daka,Leicester City,FWD,15000000.0,12615968.148493784,-2384031.8515062165,2384031.8515062165
Nico O'Reilly,Manchester City,DEF,18000000.0,20597597.440882158,2597597.4408821575,2597597.4408821575
Joe Gomez,Liverpool,DEF,20000000.0,17267713.709009558,-2732286.290990442,2732286.290990442
Tariq Lamptey,Brighton & Hove Albion,DEF,11000000.0,13771597.169417994,2771597.169417994,2771597.169417994
Carlos Vinícius,Fulham,MID,3500000.0,6296133.754823397,2796133.754823397,2796133.754823397
Emiliano Buendía,Aston Villa,MID,18000000.0,15173785.043474149,-2826214.956525851,2826214.956525851
Stefan Ortega,Manchester City,GKP,8000000.0,10831389.603151785,2831389.603151785,2831389.603151785
Marcos Senesi,Bournemouth,DEF,22000000.0,18947572.98504356,-3052427.014956441,3052427.014956441
Jesper Lindstrøm,Everton,MID,18000000.0,21127558.673110094,3127558.673110094,3127558.673110094
Rico Henry,Brentford,DEF,15000000.0,11816946.445648827,-3183053.5543511733,3183053.5543511733
Oleksandr Zinchenko,Arsenal,DEF,20000000.0,16777331.91835077,-3222668.081649229,3222668.081649229
Milos Kerkez,Bournemouth,DEF,45000000.0,48282780.59042126,3282780.5904212594,3282780.5904212594
Ramón Sosa,Nottingham Forest,FWD,12000000.0,15445003.154624475,3445003.154624475,3445003.154624475
Jadon Sancho,Chelsea,MID,28000000.0,24372993.04049451,-3627006.959505491,3627006.959505491
Taiwo Awoniyi,Nottingham Forest,FWD,16000000.0,12320564.554502688,-3679435.4454973117,3679435.4454973117
Adam Webster,Brighton & Hove Albion,DEF,11000000.0,15181513.253976777,4181513.253976777,4181513.253976777
Jean-Clair Todibo,West Ham United,DEF,25000000.0,20232617.870477997,-4767382.129522003,4767382.129522003
Pedro Lima,Wolverhampton Wanderers,DEF,5000000.0,10137532.4337757,5137532.433775701,5137532.433775701
Michael Kayode,Brentford,DEF,18000000.0,12598657.364531094,-5401342.635468906,5401342.635468906
Rayan Aït-Nouri,Wolverhampton Wanderers,DEF,35000000.0,40632013.89936317,5632013.899363168,5632013.899363168
Diogo Jota,Liverpool,FWD,40000000.0,34223671.180671185,-5776328.819328815,5776328.819328815
Caleb Kporha,Crystal Palace,DEF,1000000.0,6901528.405094599,5901528.405094599,5901528.405094599
Hákon Valdimarsson,Brentford,GKP,2500000.0,8407300.427223358,5907300.427223358,5907300.427223358
Ian Maatsen,Aston Villa,DEF,28000000.0,21955446.277230673,-6044553.722769327,6044553.722769327
Tyrick Mitchell,Crystal Palace,DEF,25000000.0,18505432.324198313,-6494567.675801687,6494567.675801687
Anthony Gordon,Newcastle United,MID,65000000.0,58185690.05994007,-6814309.94005993,6814309.94005993
Ben Mee,Brentford,DEF,1000000.0,7865541.2030831445,6865541.2030831445,6865541.2030831445
Kalvin Phillips,Ipswich Town,MID,12000000.0,18911589.199979756,6911589.199979756,6911589.199979756
George Edmundson,Ipswich Town,DEF,800000.0,8315681.394076955,7515681.394076955,7515681.394076955
Jorginho,Arsenal,MID,6000000.0,13516894.173663547,7516894.173663547,7516894.173663547
Alphonse Areola,West Ham United,GKP,9000000.0,16548486.984233312,7548486.984233312,7548486.984233312
Liam Delap,Ipswich Town,FWD,40000000.0,32374788.181317616,-7625211.818682384,7625211.818682384
Aaron Wan-Bissaka,West Ham United,DEF,24000000.0,32042316.827174664,8042316.827174664,8042316.827174664
Kyle Walker,Manchester City,DEF,10000000.0,18115086.399730794,8115086.399730794,8115086.399730794
Tom King,Wolverhampton Wanderers,GKP,200000.0,8326070.2829658445,8126070.2829658445,8126070.2829658445
Mario Lemina,Wolverhampton Wanderers,MID,9000000.0,17211731.475598324,8211731.475598324,8211731.475598324
Jeffrey Schlupp,Crystal Palace,MID,6000000.0,14308462.663138837,8308462.663138837,8308462.663138837
Dara O'Shea,Ipswich Town,DEF,14000000.0,22617150.440808743,8617150.440808743,8617150.440808743
Woyo Coulibaly,Leicester City,DEF,2000000.0,10675936.621131789,8675936.621131789,8675936.621131789
Andreas Pereira,Fulham,MID,18000000.0,26842164.177428864,8842164.177428864,8842164.177428864
Danny Ings,West Ham United,FWD,6000000.0,14884425.150848025,8884425.150848025,8884425.150848025
Luke Woolfenden,Ipswich Town,DEF,2000000.0,11086620.813794743,9086620.813794743,9086620.813794743
Alex Palmer,Ipswich Town,MID,900000.0,10481744.17026289,9581744.17026289,9581744.17026289
Dango Ouattara,Bournemouth,MID,28000000.0,37633997.75156617,9633997.751566172,9633997.751566172
Rodrigo Muniz,Fulham,FWD,20000000.0,29724526.61202015,9724526.61202015,9724526.61202015
Kevin Danso,Tottenham Hotspur,DEF,25000000.0,15180851.108783623,-9819148.891216377,9819148.891216377
Matheus Cunha,Wolverhampton Wanderers,MID,60000000.0,70144493.51851851,10144493.518518507,10144493.518518507
Leon Bailey,Aston Villa,MID,28000000.0,17502855.97017796,-10497144.02982204,10497144.02982204
Brajan Gruda,Brighton & Hove Albion,MID,25000000.0,13951567.204873305,-11048432.795126695,11048432.795126695
Bryan Mbeumo,Brentford,MID,55000000.0,66854774.68056632,11854774.680566318,11854774.680566318
Ryan Manning,Southampton,DEF,3000000.0,15323264.885239188,12323264.885239188,12323264.885239188
Pau Torres,Aston Villa,DEF,32000000.0,19667555.480117843,-12332444.519882157,12332444.519882157
Santiago Bueno,Wolverhampton Wanderers,DEF,10000000.0,22459040.23662453,12459040.236624531,12459040.236624531
Nathan Wood,Nottingham Forest,DEF,3500000.0,16368078.44811297,12868078.44811297,12868078.44811297
Nathan Broadhead,Ipswich Town,MID,4500000.0,17395186.68796435,12895186.68796435,12895186.68796435
Ethan Pinnock,Brentford,DEF,7000000.0,20589721.44361931,13589721.44361931,13589721.44361931
Will Hughes,Crystal Palace,MID,7000000.0,21214390.23329339,14214390.233293392,14214390.233293392
Matthijs de Ligt,Manchester United,DEF,38000000.0,23749955.873324588,-14250044.126675412,14250044.126675412
Filip Jørgensen,Chelsea,GKP,18000000.0,3431376.7516034613,-14568623.248396538,14568623.248396538
Stephy Mavididi,Leicester City,MID,10000000.0,25510412.52982174,15510412.529821739,15510412.529821739
Taylor Harwood-Bellis,Southampton,DEF,22000000.0,38102390.906932555,16102390.906932555,16102390.906932555
Malo Gusto,Chelsea,DEF,35000000.0,18225098.593602795,-16774901.406397205,16774901.406397205
Tom Cairney,Fulham,MID,1500000.0,18285145.711893484,16785145.711893484,16785145.711893484
Tino Livramento,Newcastle United,DEF,40000000.0,21522616.19649136,-18477383.80350864,18477383.80350864
Christian Eriksen,Manchester United,MID,4000000.0,22928119.96589015,18928119.96589015,18928119.96589015
Oscar Bobb,Manchester City,MID,25000000.0,5951865.493087118,-19048134.506912883,19048134.506912883
Curtis Jones,Liverpool,MID,45000000.0,24947228.11485116,-20052771.88514884,20052771.88514884
Abdukodir Khusanov,Manchester City,DEF,35000000.0,14239153.102869524,-20760846.897130474,20760846.897130474
Dominic Calvert-Lewin,Everton,FWD,16000000.0,37376862.848843254,21376862.848843254,21376862.848843254
Marcus Tavernier,Bournemouth,MID,18000000.0,39584371.49223326,21584371.49223326,21584371.49223326
David Raya,Arsenal,GKP,40000000.0,17971719.248086814,-22028280.751913186,22028280.751913186
Kai Havertz,Arsenal,FWD,65000000.0,42535347.5594589,-22464652.440541103,22464652.440541103
Thomas Partey,Arsenal,MID,14000000.0,37327031.96420906,23327031.964209057,23327031.964209057
Scott McTominay,Manchester United,MID,32000000.0,7790252.381369957,-24209747.618630044,24209747.618630044
Alex Iwobi,Fulham,MID,28000000.0,52319667.22807733,24319667.22807733,24319667.22807733
Adam Wharton,Crystal Palace,MID,45000000.0,20504960.671960115,-24495039.328039885,24495039.328039885
Ben White,Arsenal,DEF,45000000.0,19576492.562010277,-25423507.437989723,25423507.437989723
Christian Nørgaard,Brentford,MID,11000000.0,38547493.317321755,27547493.317321755,27547493.317321755
Roméo Lavia,Chelsea,MID,40000000.0,11686681.498109668,-28313318.50189033,28313318.50189033
Cristian Romero,Tottenham Hotspur,DEF,50000000.0,19197232.131393403,-30802767.868606597,30802767.868606597
Jurriën Timber,Arsenal,DEF,55000000.0,20967193.729307424,-34032806.27069257,34032806.27069257
Micky van de Ven,Tottenham Hotspur,DEF,50000000.0,15562760.902134288,-34437239.097865716,34437239.097865716
Omar Marmoush,Manchester City,FWD,75000000.0,40143357.07981527,-34856642.92018473,34856642.92018473
Tomás Soucek,West Ham United,MID,18000000.0,59322830.92618883,41322830.92618883,41322830.92618883
Mohamed Salah,Liverpool,MID,50000000.0,99229674.6031746,49229674.6031746,49229674.6031746
